parent_id,english_forename,english_surname,international_forename,international_surname,city,address_line_1,postal_code,phone_country_code,phone_number,email
1,Marquita,Wellard,,,Milligan,87215 Columbus Way,32537,36,4525678051,mwellard0@economist.com
2,Allin,Beadon,,,Paden,7 Donald Lane,74860,100,1798059190,abeadon1@example.com
3,Cate,Markussen,,,McIntosh,4556 Eagle Crest Drive,36553,49,1115205313,cmarkussen2@meetup.com
4,Quentin,Prium,,,Waukesha,2227 Sachs Lane,53189,83,9111020977,qprium3@hp.com
5,Dorine,Bleything,,,Chitina,84 Badeau Lane,99566,47,8908858448,dbleything4@yolasite.com
6,Julianne,Landsman,,,Paterson,3612 Judy Way,7514,27,3052195143,jlandsman5@yahoo.com
7,Vanna,Devita,,,Bethesda,0 Lake View Way,20817,42,5206068450,vdevita6@furl.net
8,Miran,Mates,茹雪,茹,Austin,3 Johnson Road,78758,19,8574116473,mmates7@bbb.org
9,Rosina,Coners,羽彤,沈,Riverdale,2 Bluestem Avenue,20738,96,7644075563,rconers8@miitbeian.gov.cn
10,Edita,Musker,,,Whites City,7 Oak Valley Drive,88268,74,7635170680,emusker9@discovery.com
11,Joni,Cattlow,,,Branchville,568 Dayton Court,7890,24,3522438925,jcattlowa@ask.com
12,Marylou,Smolan,,,Lehigh Acres,44963 Grover Drive,33936,79,5792914814,msmolanb@google.com.hk
13,Christophorus,Palfrey,,,Alexandria,2659 Straubel Place,22336,41,6939269790,cpalfreyc@loc.gov
14,Angela,Livings,,,La Fayette,28 Golf Junction,30728,43,3543713751,alivingsd@chicagotribune.com
15,Lucinda,Moxham,,,Bakersfield,7 Randy Way,93383,40,3204768731,lmoxhame@printfriendly.com
16,Blinny,Lambrook,,,Hilbert,377 Reindahl Court,54129,67,9714362676,blambrookf@freewebs.com
17,Yasmin,Lupton,,,Fort Benning,297 Beilfuss Drive,31995,62,6063382018,yluptong@cdbaby.com
18,Janel,Maddock,雅芙,郑,Ulster Park,53 Maryland Trail,12487,19,2621624746,jmaddockh@imgur.com
19,Lynnea,Pearl,,,Burr Oak,935 Merrick Circle,52131,58,9673078432,lpearli@columbia.edu
20,Homer,Mussilli,,,Detroit,1926 Dorton Way,48272,22,4252641975,hmussillij@cbsnews.com
21,Dulcy,Mechic,,,Curdsville,93724 Blackbird Place,42334,95,1441285734,dmechick@vkontakte.ru
22,Vilhelmina,Leidl,,,Arlington,13 Arkansas Junction,22226,77,7482869512,vleidll@springer.com
23,Darline,Verdun,,,Birmingham,582 Anderson Street,35212,71,4382773104,dverdunm@cbc.ca
24,Kristyn,Shieber,,,Dover,541 Bartelt Way,19904,6,4056686070,kshiebern@technorati.com
25,Roth,Hotton,,,Botkins,23 Northport Plaza,45306,95,8769786528,rhottono@spiegel.de
26,Port,Skilling,娅楠,杭,Reserve,5 Meadow Vale Pass,70048,80,6661966928,pskillingp@mapquest.com
27,Benny,Stenet,,,Florence,61 Welch Road,29501,26,7872239043,bstenetq@nytimes.com
28,Norbert,Hilling,,,Hazel Park,52559 Ohio Pass,48030,85,5397708512,nhillingr@is.gd
29,Vin,Holliar,,,Jessup,6 2nd Crossing,18434,77,2629575639,vholliars@state.tx.us
30,Emmit,Joris,,,Nicholls,21910 High Crossing Point,31554,98,3835003491,ejorist@va.gov
31,Cahra,Droghan,,,Johannesburg,40 Nova Junction,49751,44,3694061459,cdroghanu@dion.ne.jp
32,Ede,Geockle,,,Grassflat,68845 Acker Junction,16839,12,2126884809,egeocklev@taobao.com
33,Karlen,Hellicar,,,Cannonville,0 Summerview Drive,84718,31,4351702761,khellicarw@sourceforge.net
34,Armand,Fishbourne,,,Alverton,9 Rigney Junction,15612,98,6863823135,afishbournex@ucoz.ru
35,Hewet,Wasbey,,,Mcgrew,31501 Katie Center,69353,59,9811442804,hwasbeyy@google.co.uk
36,Abigale,Coulthard,,,El Paso,56 5th Drive,88516,4,2232448657,acoulthardz@surveymonkey.com
37,Rozanna,Kleisel,,,Caryville,8893 Melvin Hill,37714,37,1899987209,rkleisel10@cafepress.com
38,Cullin,Pacher,,,Vega Alta,013 Prairieview Hill,692,81,4598976963,cpacher11@friendfeed.com
39,Edgardo,Benham,,,High Shoals,9 Basil Road,30645,72,9346471699,ebenham12@netscape.com
40,Beauregard,Durbyn,,,Lewisville,4397 Bay Junction,27023,71,2268008354,bdurbyn13@tuttocitta.it
41,Minnaminnie,Hambers,,,Ware,8 Ludington Street,1082,27,8433381456,mhambers14@ucla.edu
42,Harley,Kempston,,,Raisin,92246 Kim Parkway,93652,21,4249807165,hkempston15@ox.ac.uk
43,Noami,Falkingham,,,Greens Fork,49346 Brentwood Plaza,47345,100,4265248791,nfalkingham16@feedburner.com
44,Claude,MacIlwrick,,,San Bernardino,23563 Bunker Hill Avenue,92403,65,1734861233,cmacilwrick17@ihg.com
45,Joana,Rushford,,,Pawnee,402 Wayridge Terrace,74058,46,1892831386,jrushford18@vistaprint.com
46,Minor,Gonning,,,Philadelphia,8137 Pine View Alley,19179,84,5562508792,mgonning19@forbes.com
47,Adaline,Scapens,,,Bridgeview,187 Mandrake Place,60455,30,2985877121,ascapens1a@lycos.com
48,Darlleen,Ferrao,秩选,乜,Coal Hill,11013 Rutledge Road,72832,23,6574741415,dferrao1b@fema.gov
49,Derk,De Bruijne,,,Saint Marks,0139 Kropf Way,32355,84,5543553030,ddebruijne1c@themeforest.net
50,Micki,MacIllrick,,,Chillicothe,8 Harper Trail,61523,13,1318106793,mmacillrick1d@privacy.gov.au
51,Micah,Tolworth,,,Bullville,68337 Bluestem Point,10915,11,2377585966,mtolworth1e@mlb.com
52,Laura,Digwood,,,Glendale,95 Eastlawn Hill,91221,10,3156123436,ldigwood1f@csmonitor.com
53,Rudie,Unthank,,,Miami,2318 Talmadge Lane,33238,73,1948565925,runthank1g@earthlink.net
54,Holly,Stefi,,,Toledo,9311 Parkside Court,52342,14,4855142093,hstefi1h@shinystat.com
55,Tull,Muckle,惠茜,凌,Houston,52 Towne Street,77245,12,6093702612,tmuckle1i@adobe.com
56,Ransell,Baudrey,,,Schenectady,0 Talisman Center,12345,52,3602081582,rbaudrey1j@dell.com
57,Esther,McKeag,,,Monon,91232 Mifflin Drive,47959,10,3889664416,emckeag1k@berkeley.edu
58,Robers,Hearson,,,Southfield,05411 Welch Parkway,48037,95,1013925110,rhearson1l@irs.gov
59,Esmeralda,Chazotte,,,Scott,58 Victoria Park,70583,82,9469824572,echazotte1m@alibaba.com
60,Shelbi,Beasley,,,Nashville,57325 Nancy Lane,37242,56,8692469920,sbeasley1n@istockphoto.com
61,Elyn,Sweetlove,,,St Columbans,158 Forest Road,68056,96,3914966354,esweetlove1o@nba.com
62,Morey,Carmen,,,Eastanollee,28 Garrison Center,30538,16,4171261325,mcarmen1p@oakley.com
63,Pearla,Jeacop,,,Greensboro,21 Bashford Street,27395,73,9238224741,pjeacop1q@soup.io
64,Shir,Arrigucci,,,South Wayne,7 Redwing Crossing,53587,50,4703577526,sarrigucci1r@latimes.com
65,Gawain,Roskelley,,,Fedhaven,71960 Thackeray Drive,33854,5,3463757299,groskelley1s@tmall.com
66,Saul,Lecordier,,,Hokah,5924 Coolidge Plaza,55941,80,4374359564,slecordier1t@odnoklassniki.ru
67,Conan,Yonnie,,,Metairie,13 Drewry Hill,70055,8,4145972635,cyonnie1u@dmoz.org
68,Alexandros,Webling,,,Metairie,69327 Kenwood Circle,70010,64,6801904979,awebling1v@va.gov
69,Jammie,Whistan,,,Foreman,922 5th Trail,71836,73,9027925183,jwhistan1w@fc2.com
70,Sydel,Thornton,月松,伍,Walhalla,4136 8th Junction,58282,52,6726131380,sthornton1x@prlog.org
71,Selig,Quinby,辰华,尚,Fries,2 Utah Point,24338,34,4679687326,squinby1y@nps.gov
72,Reena,Chsteney,昕磊,钭,Whitleyville,6807 Cascade Alley,38588,5,3419756175,rchsteney1z@simplemachines.org
73,Amabel,Kencott,,,Sutersville,5931 Rowland Place,15083,58,2078273471,akencott20@ebay.com
74,Pernell,Coey,,,Amherst,1778 Monica Crossing,3031,48,5257500846,pcoey21@tamu.edu
75,Shurwood,Cake,,,Valley Springs,27 Melody Road,72682,80,5372532837,scake22@bandcamp.com
76,Winne,McCray,,,Chicago,3631 Sauthoff Trail,60638,5,3089750155,wmccray23@ted.com
77,Brigit,Stoffersen,,,Morganville,96 Almo Trail,7751,84,4505970529,bstoffersen24@jalbum.net
78,Anica,Kerford,伟菘,公,Swepsonville,880 Center Terrace,27359,46,2344688810,akerford25@wisc.edu
79,Rhianna,Seefus,,,Grace,5 Lindbergh Trail,83241,95,8224215983,rseefus26@gnu.org
80,Katusha,Hengoed,笑薇,蒲,Midland,3141 Carioca Crossing,79701,26,8969053775,khengoed27@newyorker.com
81,Townsend,Scully,,,Robinson Creek,7 Northridge Place,41560,12,7991140496,tscully28@surveymonkey.com
82,Nathalie,Longlands,,,Galveston,7 Vermont Place,77554,55,6497741871,nlonglands29@issuu.com
83,Deeann,Sybe,,,Maryville,4574 Lien Pass,64468,49,2541562252,dsybe2a@reverbnation.com
84,Kelsey,Michin,,,San Jose,393 Dahle Trail,95142,66,1906539501,kmichin2b@theguardian.com
85,Basile,MacChaell,,,Drakesville,6 Marcy Drive,52552,36,2317438089,bmacchaell2c@state.tx.us
86,Ellary,Couves,,,Amite,105 Nevada Center,70422,3,6987758801,ecouves2d@tumblr.com
87,Lacie,Bryer,,,Goose Lake,011 Ohio Point,52750,91,8132263556,lbryer2e@microsoft.com
88,Paco,Loach,,,Amalia,96993 Vernon Crossing,87512,40,6427503352,ploach2f@senate.gov
89,Gweneth,Tosdevin,,,Greenwald,1324 Vernon Point,56335,98,4792743011,gtosdevin2g@freewebs.com
90,Delmore,Monckton,,,Matlock,85378 Fuller Avenue,51244,50,9851196612,dmonckton2h@economist.com
91,Duky,Fowler,,,San Antonio,25 Kenwood Way,78230,79,4882782614,dfowler2i@comsenz.com
92,Lionello,Allawy,,,Flossmoor,3 Monterey Junction,60422,71,3726730692,lallawy2j@theguardian.com
93,Elnar,Alleyn,尹智,惠,Los Angeles,07 North Center,90031,11,9023982214,ealleyn2k@sohu.com
94,Jackie,Buckles,,,Alden,78691 Briar Crest Road,50006,66,7853003482,jbuckles2l@latimes.com
95,Sollie,Fasse,,,Frisco City,6 Raven Circle,36445,78,6108372140,sfasse2m@dell.com
96,Melisande,Wollard,羽彤,汤,Lankin,006 Di Loreto Circle,58250,12,6826405037,mwollard2n@ucoz.ru
97,Amie,Horsley,,,Jackman,85 Anderson Avenue,4945,45,2416862383,ahorsley2o@yahoo.com
98,Bryna,Norrie,,,Joelton,03678 New Castle Terrace,37080,21,8994629810,bnorrie2p@jugem.jp
99,Kimbell,Kynvin,,,Richland,3 Clemons Court,49157,36,6086896154,kkynvin2q@senate.gov
100,Kendall,Chatwood,,,Jupiter,67735 Knutson Crossing,33458,3,2863534822,kchatwood2r@bing.com
