parent_id,english_forename,english_surname,international_forename,international_surname,city,address_line_1,postal_code,phone_country_code,phone_number,email
1,Marquita,Wellard,,,Sumberan,156 Messerschmidt Center,84187,36,4525678051,mwellard0@economist.com
2,Allin,Beadon,,,Taiping,585 Upham Junction,62303,100,1798059190,abeadon1@example.com
3,Cate,Markussen,,,Lachute,477 Shopko Terrace,48283,49,1115205313,cmarkussen2@meetup.com
4,Quentin,Prium,,,Xinzheng,5 Twin Pines Road,70187,83,9111020977,qprium3@hp.com
5,Dorine,Bleything,,,Mastung,04 Fairview Street,38151,47,8908858448,dbleything4@yolasite.com
6,Julianne,Landsman,,,Alexandroúpoli,077 Westend Park,49952,27,3052195143,jlandsman5@yahoo.com
7,Vanna,Devita,,,Tucson,0675 Oxford Point,85068,42,5206068450,vdevita6@furl.net
8,Miran,Mates,茹雪,茹,Oranjestad,183 Steensland Hill,81006,19,8574116473,mmates7@bbb.org
9,Rosina,Coners,羽彤,沈,Morje,7 Towne Place,71395,96,7644075563,rconers8@miitbeian.gov.cn
10,Edita,Musker,,,Ropcha,933 Bunker Hill Lane,43573,74,7635170680,emusker9@discovery.com
11,Joni,Cattlow,,,Nakamura,64 Division Point,74943,24,3522438925,jcattlowa@ask.com
12,Marylou,Smolan,,,Nanqiu,731 Longview Avenue,54983,79,5792914814,msmolanb@google.com.hk
13,Christophorus,Palfrey,,,Itapevi,38105 Autumn Leaf Pass,23187,41,6939269790,cpalfreyc@loc.gov
14,Angela,Livings,,,Shilaoren,578 Iowa Lane,88288,43,3543713751,alivingsd@chicagotribune.com
15,Lucinda,Moxham,,,Luzhany,256 Hoffman Center,53258,40,3204768731,lmoxhame@printfriendly.com
16,Blinny,Lambrook,,,Peterhof,30 Autumn Leaf Place,72110,67,9714362676,blambrookf@freewebs.com
17,Yasmin,Lupton,,,Langob,238 Nobel Lane,69052,62,6063382018,yluptong@cdbaby.com
18,Janel,Maddock,雅芙,郑,San Luis,012 Oak Junction,88732,19,2621624746,jmaddockh@imgur.com
19,Lynnea,Pearl,,,Bykivka,66736 Haas Center,20372,58,9673078432,lpearli@columbia.edu
20,Homer,Mussilli,,,Taobei,80116 Atwood Parkway,49851,22,4252641975,hmussillij@cbsnews.com
21,Dulcy,Mechic,,,Tohong,906 Schiller Terrace,85954,95,1441285734,dmechick@vkontakte.ru
22,Vilhelmina,Leidl,,,Bayt Sīrā,1 Twin Pines Park,54308,77,7482869512,vleidll@springer.com
23,Darline,Verdun,,,Gaur,3754 Grover Drive,27915,71,4382773104,dverdunm@cbc.ca
24,Kristyn,Shieber,,,Dehī,4 Maryland Center,45651,6,4056686070,kshiebern@technorati.com
25,Roth,Hotton,,,Doña Remedios Trinidad,7031 Crownhardt Crossing,82500,95,8769786528,rhottono@spiegel.de
26,Port,Skilling,娅楠,杭,Monze,03095 Iowa Terrace,94043,80,6661966928,pskillingp@mapquest.com
27,Benny,Stenet,,,Weihai,7 Sachs Way,92815,26,7872239043,bstenetq@nytimes.com
28,Norbert,Hilling,,,Kireyevsk,831 Nevada Pass,81673,85,5397708512,nhillingr@is.gd
29,Vin,Holliar,,,Căuşeni,2 Montana Alley,19694,77,2629575639,vholliars@state.tx.us
30,Emmit,Joris,,,San Miguel,29184 Magdeline Terrace,70097,98,3835003491,ejorist@va.gov
31,Cahra,Droghan,,,Buenavista,1559 Orin Point,50997,44,3694061459,cdroghanu@dion.ne.jp
32,Ede,Geockle,,,Ban Haet,073 Bunting Drive,94386,12,2126884809,egeocklev@taobao.com
33,Karlen,Hellicar,,,Gelgaudiškis,31743 Manitowish Road,61461,31,4351702761,khellicarw@sourceforge.net
34,Armand,Fishbourne,,,Ozamiz City,93031 Haas Junction,23878,98,6863823135,afishbournex@ucoz.ru
35,Hewet,Wasbey,,,Erpeldange,43448 Coolidge Crossing,36639,59,9811442804,hwasbeyy@google.co.uk
36,Abigale,Coulthard,,,Cà Mau,00051 Lotheville Park,60855,4,2232448657,acoulthardz@surveymonkey.com
37,Rozanna,Kleisel,,,Nanpiao,21 Vahlen Way,11793,37,1899987209,rkleisel10@cafepress.com
38,Cullin,Pacher,,,Orléans,443 Stang Road,43689,81,4598976963,cpacher11@friendfeed.com
39,Edgardo,Benham,,,Baiima,31232 Merry Avenue,11814,72,9346471699,ebenham12@netscape.com
40,Beauregard,Durbyn,,,Lianhua,946 Larry Street,31129,71,2268008354,bdurbyn13@tuttocitta.it
41,Minnaminnie,Hambers,,,Ohafia-Ifigh,54 Hudson Plaza,13952,27,8433381456,mhambers14@ucla.edu
42,Harley,Kempston,,,Gumdag,039 Emmet Alley,20832,21,4249807165,hkempston15@ox.ac.uk
43,Noami,Falkingham,,,Licheng,268 Sunnyside Terrace,99047,100,4265248791,nfalkingham16@feedburner.com
44,Claude,MacIlwrick,,,Baoxing,49531 Homewood Way,53494,65,1734861233,cmacilwrick17@ihg.com
45,Joana,Rushford,,,Birmingham,1765 Dennis Avenue,73970,46,1892831386,jrushford18@vistaprint.com
46,Minor,Gonning,,,Kol’chugino,66 Eggendart Park,49673,84,5562508792,mgonning19@forbes.com
47,Adaline,Scapens,,,Aoji-ri,7556 Forest Run Court,20095,30,2985877121,ascapens1a@lycos.com
48,Darlleen,Ferrao,秩选,乜,Novki,8651 Dovetail Avenue,11768,23,6574741415,dferrao1b@fema.gov
49,Derk,De Bruijne,,,Fūman,49629 Kim Hill,25428,84,5543553030,ddebruijne1c@themeforest.net
50,Micki,MacIllrick,,,Jakšić,5134 Graceland Place,61084,13,1318106793,mmacillrick1d@privacy.gov.au
51,Micah,Tolworth,,,Rancabolang,9259 Debra Way,62537,11,2377585966,mtolworth1e@mlb.com
52,Laura,Digwood,,,Nong Saeng,464 Forest Run Point,82461,10,3156123436,ldigwood1f@csmonitor.com
53,Rudie,Unthank,,,Bitobe,20 Atwood Trail,25659,73,1948565925,runthank1g@earthlink.net
54,Holly,Stefi,,,Kolkhozobod,5 Park Meadow Trail,11170,14,4855142093,hstefi1h@shinystat.com
55,Tull,Muckle,惠茜,凌,Mao’er,43921 Linden Circle,37550,12,6093702612,tmuckle1i@adobe.com
56,Ransell,Baudrey,,,Phatthalung,90 Rieder Drive,79632,52,3602081582,rbaudrey1j@dell.com
57,Esther,McKeag,,,Trondheim,7 Fremont Trail,88760,10,3889664416,emckeag1k@berkeley.edu
58,Robers,Hearson,,,Ntoum,7450 Talmadge Street,38391,95,1013925110,rhearson1l@irs.gov
59,Esmeralda,Chazotte,,,Aga,59101 Towne Court,56162,82,9469824572,echazotte1m@alibaba.com
60,Shelbi,Beasley,,,Sal’sk,76876 Messerschmidt Park,12479,56,8692469920,sbeasley1n@istockphoto.com
61,Elyn,Sweetlove,,,Brudzeń Duży,708 Kinsman Place,77624,96,3914966354,esweetlove1o@nba.com
62,Morey,Carmen,,,Muzayri‘,90088 Northwestern Place,46725,16,4171261325,mcarmen1p@oakley.com
63,Pearla,Jeacop,,,San Marcos,5 Mcbride Pass,20586,73,9238224741,pjeacop1q@soup.io
64,Shir,Arrigucci,,,Kafir Yasif,018 Caliangt Terrace,32155,50,4703577526,sarrigucci1r@latimes.com
65,Gawain,Roskelley,,,Dabancheng,36446 Mcguire Park,81789,5,3463757299,groskelley1s@tmall.com
66,Saul,Lecordier,,,Duanjia,28 Banding Parkway,48591,80,4374359564,slecordier1t@odnoklassniki.ru
67,Conan,Yonnie,,,Pyhäjoki,36314 Crowley Road,67547,8,4145972635,cyonnie1u@dmoz.org
68,Alexandros,Webling,,,Kinel’-Cherkassy,37 Fairview Court,73599,64,6801904979,awebling1v@va.gov
69,Jammie,Whistan,,,Cuauhtemoc,1 Towne Center,85828,73,9027925183,jwhistan1w@fc2.com
70,Sydel,Thornton,月松,伍,Canggetelo,34 Sommers Point,96417,52,6726131380,sthornton1x@prlog.org
71,Selig,Quinby,辰华,尚,Tembayangan Barat,853 High Crossing Park,38309,34,4679687326,squinby1y@nps.gov
72,Reena,Chsteney,昕磊,钭,Giporlos,31 Carioca Alley,25291,5,3419756175,rchsteney1z@simplemachines.org
73,Amabel,Kencott,,,Tanguá,9 Troy Road,45167,58,2078273471,akencott20@ebay.com
74,Pernell,Coey,,,Bribir,5 Debs Terrace,95813,48,5257500846,pcoey21@tamu.edu
75,Shurwood,Cake,,,Taloqan,411 Southridge Street,58835,80,5372532837,scake22@bandcamp.com
76,Winne,McCray,,,Jilili,192 Hermina Junction,60260,5,3089750155,wmccray23@ted.com
77,Brigit,Stoffersen,,,Tenja,18 Prentice Court,47264,84,4505970529,bstoffersen24@jalbum.net
78,Anica,Kerford,伟菘,公,Porosozero,6615 Dexter Place,15783,46,2344688810,akerford25@wisc.edu
79,Rhianna,Seefus,,,Prudentópolis,8 Menomonie Alley,42025,95,8224215983,rseefus26@gnu.org
80,Katusha,Hengoed,笑薇,蒲,Bergville,2 Schlimgen Alley,86281,26,8969053775,khengoed27@newyorker.com
81,Townsend,Scully,,,Putang,053 6th Center,33708,12,7991140496,tscully28@surveymonkey.com
82,Nathalie,Longlands,,,Pujocucho,0 Shasta Point,81223,55,6497741871,nlonglands29@issuu.com
83,Deeann,Sybe,,,Serra de Santa Marinha,536 Dapin Parkway,79769,49,2541562252,dsybe2a@reverbnation.com
84,Kelsey,Michin,,,Rudong,072 La Follette Pass,89492,66,1906539501,kmichin2b@theguardian.com
85,Basile,MacChaell,,,Impendle,333 Warner Park,73447,36,2317438089,bmacchaell2c@state.tx.us
86,Ellary,Couves,,,Roma,8356 Dwight Alley,15035,3,6987758801,ecouves2d@tumblr.com
87,Lacie,Bryer,,,Artur Nogueira,3 Crest Line Crossing,53258,91,8132263556,lbryer2e@microsoft.com
88,Paco,Loach,,,Nikolina Gora,00 Utah Crossing,44157,40,6427503352,ploach2f@senate.gov
89,Gweneth,Tosdevin,,,Bichura,614 Anhalt Circle,72254,98,4792743011,gtosdevin2g@freewebs.com
90,Delmore,Monckton,,,Kunyang,08 Summer Ridge Pass,27082,50,9851196612,dmonckton2h@economist.com
91,Duky,Fowler,,,Poniklá,1166 Oakridge Hill,24542,79,4882782614,dfowler2i@comsenz.com
92,Lionello,Allawy,,,Wang Noi,05 Eastwood Avenue,85027,71,3726730692,lallawy2j@theguardian.com
93,Elnar,Alleyn,尹智,惠,Famatina,2609 Maywood Trail,93944,11,9023982214,ealleyn2k@sohu.com
94,Jackie,Buckles,,,Selmes,0 Oak Place,50424,66,7853003482,jbuckles2l@latimes.com
95,Sollie,Fasse,,,Pointe-à-Pitre,1 Tony Hill,34419,78,6108372140,sfasse2m@dell.com
96,Melisande,Wollard,羽彤,汤,Enköping,348 Forest Lane,78950,12,6826405037,mwollard2n@ucoz.ru
97,Amie,Horsley,,,Cariaco,2756 Sunbrook Court,72608,45,2416862383,ahorsley2o@yahoo.com
98,Bryna,Norrie,,,Mokotów,519 Donald Plaza,85109,21,8994629810,bnorrie2p@jugem.jp
99,Kimbell,Kynvin,,,El Paisnal,048 Rowland Center,77991,36,6086896154,kkynvin2q@senate.gov
100,Kendall,Chatwood,,,Hamberang Sabrang,2155 Morrow Street,80238,3,2863534822,kchatwood2r@bing.com
